,system,ar,ar_up,ar_down,mplanet,mplanet_up,mplanet_down,rplanet,rplanet_up,rplanet_down,lambda,lambda_up,lambda_down,istar,istar_up,istar_down,psi,psi_up,psi_down,teff,teff_up,teff_down,mstar,mstar_up,mstar_down,rstar,rstar_up,rstar_down,prot,prot_up,prot_down,vsini,vsini_up,vsini_down
0,AU Mic,18.923917736825462,2.145078635897628,2.415479158818163,0.053999999999999,0.014,0.014,0.375,0.017999999999999,0.017999999999999,4.699999809265135,6.400000095367431,6.800000190734863,90.0,0.0,19.461946765253813,12.101691860992405,11.330371297957273,7.493685610291373,3700.0,100.0,100.0,0.5,0.029999999999999,0.029999999999999,0.75,0.029999999999999,0.029999999999999,4.854185002516715,0.7500028330068741,0.7500028330068741,9.229999542236328,0.790000021457672,0.310000002384185
1,Beta PIC,1141.9208960106207,3.466079803163672,3.466079803163672,11.899999618530272,2.930000066757202,3.039999961853027,1.460000038146972,0.009999999776482,0.009999999776482,2.999999999999995,5.0,5.0,,,,,,,8200.0,200.0,200.0,1.75,0.029999999329447,0.019999999552965,1.8700000047683711,0.032000001519918,0.032000001519918,0.0,0.0,0.0,130.0,10.0,10.0
2,CoRoT-2,6.766384167074486,0.181502673650571,0.181502673650571,3.569999999999999,0.149999999999999,0.149999999999999,1.46,0.031,0.031,0.9999999999999944,7.699999809265136,6.0,90.0,0.0,10.79644921542338,8.877122614052604,6.738487865483811,5.14471106007168,5598.0,50.0,50.0,0.997,0.049,0.049,0.901,0.019,0.019,4.522,0.024,0.024,11.25,0.449999988079071,0.449999988079071
3,CoRoT-3,7.8958886199178675,0.49460127576156,0.475972074295025,21.96,0.7029999999999991,0.7029999999999991,1.036999999999999,0.069,0.069,37.59999847412109,10.0,22.299999237060547,,,,,,,6558.0,44.0,44.0,1.403,0.060999999999999,0.060999999999999,1.5750000000000002,0.094,0.094,0.0,0.0,0.0,17.0,1.0,1.0
4,CoRoT-11,6.886432946443034,0.395194390033869,0.395194390033869,2.339999999999999,0.39,0.39,1.425999999999999,0.057,0.057,0.10000000149011255,2.599999904632568,2.599999904632568,,,,,,,6343.0,72.0,72.0,1.26,0.14,0.14,1.374,0.060999999999999,0.060999999999999,0.0,0.0,0.0,38.470001220703125,0.070000000298023,0.070000000298023
5,CoRoT-18,7.013909590504648,0.278197385209207,0.313996654735617,3.299999999999999,0.19,0.19,1.145999999999999,0.039,0.048,9.999999999999996,20.0,20.0,90.0,0.0,23.21142873004669,25.44539864513206,13.594275106750086,13.118912526629648,5440.0,100.0,100.0,0.88,0.07,0.07,0.8830000000000001,0.025,0.031,5.526607955566002,0.333332737543969,0.333332737543969,8.0,1.0,1.0
6,DS Tuc,16.079999923706055,0.319999992847442,0.280000001192092,0.088096913515221,0.110121141894027,0.040902138417781,0.5,0.02,0.02,2.9300000667572004,0.8799999952316281,0.870000004768371,90.0,0.0,7.325232212834436,3.9596717377638573,4.643773857592007,1.578599095677422,5598.0,28.0,59.0,0.9589999999999992,0.031,0.031,0.872,0.027,0.027,2.853686026957216,0.057073720539144,0.057073720539144,20.57999992370605,0.310000002384185,0.239999994635581
7,EPIC 246851721,9.585635950576544,0.232897996375644,0.228647941941,3.0,1.100000023841857,1.200000047683715,1.004,0.048,0.049,1.4800000190734857,0.850000023841857,0.850000023841857,90.0,0.0,12.441991728575177,2.932598416145883,10.785051716361606,1.641316817053011,6202.0,52.0,50.0,1.324,0.04,0.04,1.624,0.035999999999999,0.035,1.144688663196544,0.061289999999999,0.061289999999999,74.91999816894531,0.620000004768371,0.600000023841857
8,GJ 3470 ,13.84000015258789,0.5099999904632561,0.46000000834465,0.043198950805856,0.005065572527125,0.005065572527125,0.345765690274479,0.026734460862029,0.026734460862029,101.0,29.0,14.0,51.0,25.0,21.0,97.0,16.0,11.0,3622.0,58.0,55.0,0.52700001001358,0.024000000208616,0.026000000536441,0.5,0.001700000022538,0.016000000759959,21.54,0.49,0.49,0.85,0.27,0.33
9,GJ 436,14.55685979755805,0.842102210741776,0.8082650929666001,0.079899999999999,0.0066,0.0063,0.365999999999999,0.014,0.014,72.0,33.0,24.0,37.31103830533908,16.19290194663425,12.475336421313717,80.0,21.0,18.0,3416.0,54.0,54.0,0.507,0.070999999999999,0.062,0.455,0.017999999999999,0.017999999999999,44.09000015258789,0.07999999821186,0.07999999821186,0.330000013113021,0.090999998152256,0.065999999642372
10,HAT-P-1,10.186222949365648,0.271018436449052,0.279275026754125,0.525,0.019,0.019,1.319,0.019,0.019,3.7000000476837145,2.099999904632568,2.099999904632568,,,,,,,5975.0,50.0,50.0,1.151,0.019,0.019,1.173999999999999,0.025999999999999,0.027,0.0,0.0,0.0,3.75,0.579999983310699,0.579999983310699
11,HAT-P-2,8.627381327530006,0.777248363109665,0.777248363109665,8.74,0.27,0.27,1.189999999999999,0.12,0.12,0.20000000298023085,12.199999809265137,12.5,,,,,,,6290.0,60.0,60.0,1.278999999999999,0.045999999999999,0.045999999999999,1.679999999999999,0.149999999999999,0.149999999999999,0.0,0.0,0.0,19.5,1.399999976158142,1.399999976158142
12,HAT-P-4,6.001086128900971,0.474024458921294,0.18919285257173,0.68,0.045999999999999,0.029,1.337,0.079,0.035,4.90000009536743,11.899999618530272,11.899999618530272,,,,,,,6036.0,46.0,46.0,1.270999999999999,0.12,0.07,1.6,0.116,0.041,0.0,0.0,0.0,5.829999923706054,0.300000011920928,0.300000011920928
13,HAT-P-6,7.428810681811647,0.371099648149808,0.371099648149808,1.062999999999999,0.057,0.057,1.395,0.081,0.081,165.0,6.0,6.0,,,,,,,6570.0,80.0,80.0,1.294999999999999,0.068,0.068,1.518,0.070999999999999,0.070999999999999,0.0,0.0,0.0,7.800000190734863,0.600000023841857,0.600000023841857
14,HAT-P-7,4.050714839593883,0.043254043104189,0.043254043104189,1.87,0.029999999999999,0.029999999999999,1.526,0.008,0.008,142.0,12.0,16.0,0.0,36.0,0.0,97.0,14.0,14.0,6310.0,15.0,15.0,1.59,0.029999999999999,0.029999999999999,2.02,0.01,0.01,0.0,0.0,0.0,2.700000047683715,0.5,0.5
15,HAT-P-8,6.400308078941738,0.198412655807125,0.198412655807125,1.274999999999999,0.052999999999999,0.052999999999999,1.321,0.04,0.04,17.0,11.5,9.199999809265137,,,,,,,6200.0,80.0,80.0,1.191999999999999,0.074999999999999,0.074999999999999,1.475,0.034,0.034,0.0,0.0,0.0,14.5,0.8000000119209281,0.8000000119209281
16,HAT-P-9,8.495784237542154,0.5551584951198361,0.5551584951198361,0.778,0.083,0.083,1.379999999999999,0.1,0.1,16.0,8.0,8.0,,,,,,,6350.0,150.0,150.0,1.28,0.1,0.1,1.339,0.08,0.08,0.0,0.0,0.0,12.5,1.7999999523162842,1.7999999523162842
17,HAT-P-11,16.55811316683833,0.29276759876658,0.29276759876658,0.0873,0.0097,0.0097,0.389,0.0053,0.0053,102.99999999999999,26.0,10.0,67.0,2.0,4.0,97.0,8.0,4.0,4780.0,50.0,50.0,0.802,0.028,0.028,0.683,0.008999999999999,0.008999999999999,29.31999969482422,1.0,1.0,1.0,0.949999988079071,0.560000002384185
18,HAT-P-12,11.930378583917108,0.303289859657103,0.303289859657103,0.201,0.012,0.012,0.919,0.023,0.023,54.00000000000001,13.0,41.0,,,,,,,4665.0,45.0,45.0,0.6909999999999991,0.023,0.023,0.679,0.012999999999999,0.012999999999999,0.0,0.0,0.0,0.990000009536743,0.419999986886978,0.46000000834465
19,HAT-P-13,5.367540603677391,0.163417107152138,0.163417107152138,0.906,0.029999999999999,0.029999999999999,1.487,0.041,0.041,1.8999999761581399,8.600000381469727,8.600000381469727,,,,,,,5653.0,90.0,90.0,1.32,0.062,0.062,1.756,0.045999999999999,0.045999999999999,0.0,0.0,0.0,1.700000047683715,0.400000005960464,0.400000005960464
20,HAT-P-14,8.255763208997339,0.308661797296491,0.308661797296491,2.270999999999999,0.083,0.083,1.219,0.058999999999999,0.058999999999999,170.89999389648438,5.099999904632568,5.099999904632568,,,,,,,6600.0,90.0,90.0,1.417999999999999,0.053999999999999,0.053999999999999,1.591,0.056,0.056,0.0,0.0,0.0,8.180000305175781,0.400000005960464,0.400000005960464
21,HAT-P-16,7.669549797170784,0.201673572136684,0.201673572136684,4.192999999999999,0.128,0.128,1.189999999999999,0.036999999999999,0.036999999999999,9.999999999999996,16.0,16.0,,,,,,,6140.0,72.0,72.0,1.216,0.055,0.055,1.157999999999999,0.025,0.025,0.0,0.0,0.0,3.900000095367431,0.8000000119209281,0.8000000119209281
22,HAT-P-17,22.633564010468724,0.671396927069502,0.671396927069502,0.534,0.017999999999999,0.017999999999999,1.01,0.029,0.029,18.999999999999996,14.0,16.0,,,,,,,5246.0,80.0,80.0,0.8569999999999991,0.039,0.039,0.8379999999999991,0.021,0.021,0.0,0.0,0.0,0.560000002384185,0.11999999731779,0.140000000596046
23,HAT-P-18,16.765674551295536,0.643189696407228,0.643189696407228,0.196,0.008,0.008,0.9469999999999992,0.043999999999999,0.043999999999999,132.0,15.0,15.0,,,,,,,4870.0,50.0,50.0,0.77,0.027,0.027,0.7169999999999991,0.025999999999999,0.025999999999999,0.0,0.0,0.0,1.580000042915344,0.180000007152557,0.180000007152557
24,HAT-P-20,11.362572932555793,0.13587648737371,0.13587648737371,7.219999999999999,0.359999999999999,0.359999999999999,1.024999999999999,0.052999999999999,0.052999999999999,7.999999999999997,6.900000095367431,6.900000095367431,52.32375872799031,16.033341609651075,11.0322580258659,36.93929172159747,12.38973414354409,17.649057059711264,4595.0,45.0,45.0,0.748,0.042,0.042,0.68,0.006,0.006,14.479999542236328,0.019999999552965,0.019999999552965,1.850000023841857,0.270000010728836,0.270000010728836
25,HAT-P-22,8.445863388150466,0.403787384422224,0.403787384422224,2.192,0.076999999999999,0.076999999999999,1.06,0.072999999999999,0.072999999999999,2.099999904632566,3.0,3.0,64.37282719083089,20.76678378442905,10.078471501229288,6.726543803352591,29.447407507911723,3.83972099096915,5314.0,50.0,50.0,0.936,0.042999999999999,0.042999999999999,1.062,0.048,0.048,28.700000762939453,0.400000005960464,0.400000005960464,1.649999976158142,0.259999990463256,0.259999990463256
26,HAT-P-23,4.545752841448806,0.132867163979601,0.132867163979601,2.069999999999999,0.12,0.12,1.224,0.036999999999999,0.036999999999999,14.999999999999998,22.0,22.0,,,,,,,5885.0,72.0,72.0,1.104,0.047,0.047,1.089,0.028,0.028,0.0,0.0,0.0,7.800000190734863,1.600000023841857,1.600000023841857
27,HAT-P-24,7.712686368607467,0.432595016413252,0.380281699556119,0.681,0.031,0.029999999999999,1.243,0.071999999999999,0.060999999999999,20.0,16.0,16.0,,,,,,,6373.0,80.0,80.0,1.185999999999999,0.042,0.041,1.294,0.070999999999999,0.062,0.0,0.0,0.0,11.199999809265137,0.8999999761581421,0.8999999761581421
28,HAT-P-30,7.415938581864822,0.323621158084696,0.323621158084696,0.7109999999999991,0.028,0.028,1.34,0.065,0.065,73.50000000000001,9.0,9.0,,,,,,,6338.0,42.0,42.0,1.242,0.041,0.041,1.215,0.050999999999999,0.050999999999999,0.0,0.0,0.0,3.069999933242797,0.239999994635581,0.239999994635581
29,HAT-P-32,6.052844931036564,0.118978644990542,0.118978644990542,0.8,0.14,0.14,1.806999999999999,0.025999999999999,0.025999999999999,85.0,1.5,1.5,,,,,,,6269.0,64.0,64.0,1.181999999999999,0.049,0.049,1.225,0.017,0.017,0.0,0.0,0.0,20.600000381469727,1.5,1.5
30,HAT-P-34,9.48437393235922,0.841626250704385,0.640119729772412,3.327999999999999,0.210999999999999,0.210999999999999,1.197,0.128,0.091999999999999,0.0,14.0,14.0,,,,,,,6442.0,88.0,88.0,1.391999999999999,0.047,0.047,1.534999999999999,0.135,0.101999999999999,0.0,0.0,0.0,24.299999237060547,1.200000047683715,1.200000047683715
31,HAT-P-36,4.933009732287486,0.10058996639436,0.10058996639436,1.852,0.095,0.095,1.304,0.025,0.025,13.999999999999998,18.0,18.0,90.0,0.0,28.338533009642795,28.581032542005357,15.96163002082389,14.622892916919316,5620.0,40.0,40.0,1.03,0.042,0.042,1.040999999999999,0.016,0.016,15.300000190734863,0.400000005960464,0.400000005960464,3.119999885559082,0.75,0.75
32,HAT-P-41,5.443194617220092,0.198165725465672,0.132808078912488,0.8,0.101999999999999,0.101999999999999,1.685,0.075999999999999,0.050999999999999,22.100000381469723,6.0,0.8000000119209281,,,,,,,6390.0,100.0,100.0,1.417999999999999,0.047,0.047,1.683,0.058,0.035999999999999,0.0,0.0,0.0,19.600000381469727,0.5,0.5
33,HAT-P-56,6.370016235896652,0.146144165511104,0.146144165511104,2.18,0.25,0.25,1.466,0.04,0.04,7.999999999999997,2.0,2.0,,,,,,,6566.0,50.0,50.0,1.296,0.035999999999999,0.035999999999999,1.427999999999999,0.029999999999999,0.029999999999999,0.0,0.0,0.0,36.400001525878906,0.699999988079071,0.699999988079071
34,HAT-P-69,7.68894348076738,0.182391957246126,0.103429827157039,3.73,0.6099999999999991,0.5899999999999991,1.625999999999999,0.032,0.025,30.299999237060543,6.099999904632568,7.300000190734863,,,,,,,7724.0,250.0,360.0,1.698,0.025,0.025,1.854,0.042999999999999,0.021999999999999,0.0,0.0,0.0,77.43000030517578,0.639999985694885,0.5299999713897701
35,HAT-P-70,5.484908390914953,0.353121428053406,0.295325225086725,0.0,6.78,0.0,1.87,0.149999999999999,0.1,113.09999847412111,5.099999904632568,3.400000095367431,,,,,,,8450.0,540.0,690.0,1.889999999999999,0.01,0.012999999999999,1.858,0.118999999999999,0.090999999999999,0.0,0.0,0.0,99.8499984741211,0.639999985694885,0.6100000143051141
36,HATS-2,5.507821774992224,0.136899982681921,0.136899982681921,1.345,0.149999999999999,0.149999999999999,1.167999999999999,0.029999999999999,0.029999999999999,7.999999999999997,8.0,8.0,64.70021561778972,25.29978438221028,12.282337420982536,20.615543442412925,23.62726735207941,10.420711221195194,5227.0,95.0,95.0,0.8820000000000001,0.036999999999999,0.036999999999999,0.898,0.019,0.019,24.98,0.04,0.04,1.5,0.5,0.5
37,HATS-3,7.428532198880105,0.170142734055313,0.183413442563536,1.071,0.136,0.136,1.381,0.035,0.035,2.999999999999995,25.0,25.0,,,,,,,6351.0,76.0,76.0,1.209,0.035999999999999,0.035999999999999,1.403999999999999,0.029999999999999,0.029999999999999,0.0,0.0,0.0,5.75,2.9800000190734863,2.9800000190734863
38,HATS-70,4.152268451268067,0.155306087324595,0.176406911237201,12.9,1.8,1.6,1.383999999999999,0.079,0.073999999999999,8.899999618530273,5.599999904632568,4.5,,,,,,,7930.0,630.0,820.0,1.78,0.12,0.12,1.881,0.058999999999999,0.066,0.0,0.0,0.0,40.61000061035156,0.319999992847442,0.349999994039535
39,HD 332231,24.5,0.300000011920928,0.200000002980232,0.244000002741813,0.020999999716877,0.020999999716877,0.8560000061988831,0.016000000759959,0.016000000759959,1.999999999999995,6.0,6.0,,,,,,,6089.0,97.0,96.0,1.126999974250793,0.076999999582767,0.076999999582767,1.276999950408935,0.039000000804662,0.035999998450279,0.0,0.0,0.0,5.5,0.200000002980232,0.200000002980232
40,HD 17156,23.673697297168854,0.7892972143755961,0.7892972143755961,3.262,0.113,0.113,1.064999999999999,0.035,0.035,9.999999999999996,5.099999904632568,5.099999904632568,,,,,,,6079.0,56.0,56.0,1.296999999999999,0.07,0.07,1.487,0.042,0.042,0.0,0.0,0.0,4.179999828338623,0.310000002384185,0.310000002384185
41,HD 63433,38.0,4.599999904632568,1.700000047683715,0.023000000044703,0.023000000044703,0.023000000044703,2.710000038146972,0.140000000596046,0.140000000596046,10.999999999999998,32.0,35.0,90.0,0.0,18.74755175609009,25.6282448388539,22.474574434828646,15.324534028766072,5640.0,74.0,74.0,,,,0.91,0.03,0.03,6.609469906062656,0.70834277506492,0.70834277506492,7.300000190734863,0.300000011920928,0.300000011920928
42,HD 80606,94.64447329586152,3.658479685103276,3.658479685103276,4.113999999999999,0.155,0.155,1.002999999999999,0.027,0.027,42.0,8.0,8.0,,,,,,,5584.0,13.0,13.0,1.018,0.057,0.057,1.036999999999999,0.035,0.035,0.0,0.0,0.0,1.700000047683715,0.300000011920928,0.300000011920928
43,HD 106315,24.790000915527344,0.389999985694885,0.430000007152557,0.037999999999999,0.012,0.012,0.391,0.008,0.008,10.899999618530268,3.799999952316284,3.599999904632568,,,,,,,6364.0,87.0,87.0,1.153999999999999,0.042,0.042,1.268999999999999,0.024,0.024,0.0,0.0,0.0,13.0,0.280000001192092,0.280000001192092
44,HD 149026,6.018734676341234,0.201262883032604,0.181704086811471,0.367999999999999,0.012999999999999,0.014,0.8129999999999991,0.027,0.025,11.999999999999998,7.0,7.0,,,,,,,6147.0,50.0,50.0,1.345,0.02,0.02,1.540999999999999,0.045999999999999,0.042,0.0,0.0,0.0,7.699999809265136,0.8000000119209281,0.8000000119209281
45,HD 189733,8.984971821975579,0.333669271244885,0.333669271244885,1.149999999999999,0.039,0.039,1.151,0.037999999999999,0.037999999999999,0.4000000059604617,0.200000002980232,0.200000002980232,90.0,0.0,14.907929092214488,2.293835241009567,13.52019344180406,1.615489955631234,5050.0,50.0,50.0,0.8399999999999991,0.042,0.042,0.752,0.025,0.025,11.95199966430664,0.017000000923871,0.017000000923871,3.25,0.019999999552965,0.019999999552965
46,HD 209458,8.784994278742612,0.146843613005053,0.146843613005053,0.7139999999999991,0.017,0.017,1.379999999999999,0.017,0.017,0.6000000238418524,0.400000005960464,0.400000005960464,61.030662004285496,13.303920825331154,8.75934048268153,28.232325489485085,9.707823489808334,13.489909895313696,6117.0,50.0,50.0,1.147999999999999,0.04,0.04,1.161999999999999,0.014,0.014,10.649999618530272,0.75,0.75,4.800000190734863,0.200000002980232,0.200000002980232
47,HIP 67522,11.711000442504885,0.087999999523162,0.159999996423721,0.0,5.0,0.0,0.927999973297119,0.03999999910593,0.03999999910593,5.800000190734859,2.799999952316284,5.699999809265136,90.0,0.0,5.0,20.200000762939453,8.699999809265137,10.300000190734863,5675.0,75.0,75.0,1.220000028610229,0.050000000745058,0.050000000745058,1.379999995231628,0.059999998658895,0.059999998658895,1.4,0.1,0.1,49.21,0.95,0.97
48,K2-25,21.04971936030676,1.104723916060124,1.104723916060124,0.076999999999999,0.017999999999999,0.016,0.305999999999999,0.010999999999999,0.010999999999999,2.999999999999995,16.0,16.0,90.0,0.0,11.805393291221932,13.8210137889796,10.105568282972584,7.834026334406365,3207.0,58.0,58.0,0.2634,0.0077,0.0077,0.2932,0.009299999999999,0.009299999999999,1.876559553610711,0.037531191072214,0.037531191072214,8.899999618530273,0.600000023841857,0.600000023841857
49,K2-29,10.544683020110064,0.136511314817104,0.136511314817104,0.7299999999999991,0.04,0.04,1.189999999999999,0.02,0.02,1.4999999999999976,8.699999809265137,8.699999809265137,68.44323181642953,18.20620449151181,8.855650627084309,19.27091253437008,13.663881655931668,11.05985149722556,5358.0,38.0,38.0,0.9399999999999992,0.02,0.02,0.8599999999999991,0.01,0.01,10.760688415975892,0.215213768319517,0.215213768319517,3.700000047683715,0.5,0.5
50,K2-34,6.729665086191134,0.231110947447155,0.231110947447155,1.649,0.098,0.098,1.217,0.052999999999999,0.052999999999999,0.9999999999999944,9.0,10.0,,,,,,,6131.0,47.0,47.0,1.204,0.031,0.031,1.383,0.045999999999999,0.045999999999999,0.0,0.0,0.0,5.0,1.299999952316284,1.399999976158142
51,K2-140,12.880000114440918,0.004300000146031,0.003899999894201,1.129999995231628,0.11999999731779,0.109999999403953,1.202999949455261,0.075999997556209,0.075999997556209,0.4999999999999972,9.699999809265137,9.699999809265137,,,,,,,5585.0,120.0,120.0,0.9599999785423272,0.059999998658895,0.03999999910593,1.059999942779541,0.070000000298023,0.059999998658895,,,,,,
52,K2-232,19.25,0.270000010728836,0.310000002384185,0.377999991178512,0.046999998390674,0.045000001788139,1.097000002861022,0.024000000208616,0.024000000208616,11.100000381469727,6.599999904632568,6.599999904632568,,,,,,,6154.0,60.0,60.0,1.187999963760376,0.028000000864267,0.026000000536441,1.16100001335144,0.024000000208616,0.024000000208616,,,,,,
53,K2-290,43.5,1.200000047683715,1.200000047683715,1.006000041961669,0.050000000745058,0.050000000745058,0.773999989032745,0.046999998390674,0.046999998390674,153.0,8.0,8.0,39.0,7.0,7.0,124.0,6.0,6.0,6302.0,120.0,120.0,1.194000005722045,0.06700000166893,0.06700000166893,1.511000037193298,0.075000002980232,0.075199998915195,6.630000114440918,0.660000026226043,0.660000026226043,6.900000095367431,0.5,0.600000023841857
54,KELT-1,3.61380049482669,0.124387206783004,0.103169235764481,27.38,0.93,0.93,1.116,0.037999999999999,0.029,1.999999999999995,16.0,16.0,,,,,,,6516.0,49.0,49.0,1.335,0.063,0.063,1.471,0.044999999999999,0.035,0.0,0.0,0.0,56.0,2.0,2.0
55,KELT-6,11.16571872600638,1.053704322529001,1.010102622039593,0.429999999999999,0.044999999999999,0.045999999999999,1.193,0.13,0.076999999999999,36.0,11.0,11.0,,,,,,,6272.0,61.0,61.0,1.126000046730041,0.057999998331069,0.057999998331069,1.529000043869018,0.14300000667572,0.136999994516372,0.0,0.0,0.0,4.119999885559082,0.259999990463256,0.259999990463256
56,KELT-7,5.481648698829809,0.156354487959949,0.156372287894861,1.28,0.179999999999999,0.179999999999999,1.532999999999999,0.045999999999999,0.047,2.7000000476837136,0.600000023841857,0.600000023841857,,,,,,,6789.0,50.0,49.0,1.534999999999999,0.066,0.053999999999999,1.732,0.042999999999999,0.044999999999999,0.0,0.0,0.0,69.30000305175781,0.200000002980232,0.200000002980232
57,KELT-9,2.995326478383156,0.099871162182335,0.099871162182335,2.879999999999999,0.349999999999999,0.349999999999999,1.935999999999999,0.047,0.047,85.01000213623047,0.230000004172325,0.230000004172325,52.0,8.0,7.0,87.0,10.0,11.0,9600.0,400.0,400.0,2.319999999999999,0.16,0.16,2.418,0.058,0.058,0.0,0.0,0.0,116.9000015258789,1.7999999523162842,1.7999999523162842
58,KELT-17,6.380743470119168,0.247759070199646,0.227754275111224,1.31,0.28,0.289999999999999,1.524999999999999,0.065,0.059999999999999,115.9000015258789,4.099999904632568,4.099999904632568,90.0,0.0,21.304939511987456,114.40477306736216,4.320391184588316,4.610327448954819,7454.0,49.0,49.0,1.635,0.066,0.060999999999999,1.645,0.059999999999999,0.055,0.0,0.0,0.0,44.20000076293945,1.5,1.299999952316284
59,KELT-19,7.485429457499888,0.5446891035054531,0.5144413512009001,0.0,4.07,0.0,1.909999999999999,0.11,0.11,179.6999969482422,3.799999952316284,3.700000047683715,,,,,,,7500.0,110.0,110.0,1.62,0.25,0.2,1.83,0.099,0.099,0.0,0.0,0.0,84.19999694824219,2.0,2.0
60,KELT-21,6.858318504910104,0.149590265387892,0.149192228881193,0.0,3.899999999999999,0.0,1.586,0.039,0.04,5.599999904632564,1.899999976158142,1.700000047683715,,,,,,,7598.0,81.0,84.0,1.458,0.029,0.028,1.637999999999999,0.034,0.034,0.0,0.0,0.0,146.02999877929688,0.479999989271163,0.479999989271163
61,KELT-25,6.460000038146972,0.200000002980232,0.150000005960464,0.0,64.0,0.0,1.641999959945678,0.039000000804662,0.043000001460313,23.399999618530273,3.200000047683715,2.299999952316284,,,,,,,8280.0,440.0,180.0,2.180000066757202,0.11999999731779,0.109999999403953,2.263999938964843,0.048000000417232,0.052000001072883,,,,,,
62,KELT-26,6.489999771118164,0.180000007152557,0.180000007152557,1.409999966621398,0.430000007152557,0.5099999904632561,1.940000057220459,0.059999998658895,0.057999998331069,91.3000030517578,6.5,6.300000190734863,,,,,,,8640.0,500.0,240.0,1.919999957084655,0.140000000596046,0.159999996423721,1.800999999046325,0.0489999987185,0.048000000417232,,,,,,
63,Kepler-8,6.976360673730881,0.244142816811418,0.244142816811418,0.5899999999999991,0.12,0.12,1.381,0.036999999999999,0.036999999999999,4.999999999999996,7.0,7.0,57.981151496516496,15.507887919111631,10.134994118180558,31.10819640070705,10.949079957112296,15.713601098000671,6213.0,150.0,150.0,1.23,0.071999999999999,0.071999999999999,1.495,0.036999999999999,0.036999999999999,7.12979871029203,0.14259597420584,0.14259597420584,8.899999618530273,1.0,1.0
64,Kepler-9,32.05465283757207,0.7393159319139061,0.7393159319139061,0.1365,0.005,0.0063,0.7359999999999991,0.008,0.008,12.999999999999998,16.0,16.0,71.91058148872447,18.089418511275525,8.754069202168367,28.057362461207656,12.977008634885449,13.559524512999126,5774.0,60.0,60.0,1.022,0.029,0.039,0.9579999999999992,0.02,0.02,16.493738506378122,0.329874770127562,0.329874770127562,2.740000009536743,0.400000005960464,0.400000005960464
65,Kepler-13,6.148261152002903,0.16241070255521,0.208464033104304,6.0,3.0,3.0,1.405999999999999,0.037999999999999,0.037999999999999,59.20000076293944,0.050000000745058,0.050000000745058,81.13700103759766,0.016000000759959,0.016000000759959,60.25000000000001,0.05,0.05,7650.0,250.0,250.0,1.72,0.1,0.1,1.71,0.04,0.04,0.0,0.0,0.0,62.70000076293945,0.200000002980232,0.200000002980232
66,Kepler-17,5.698789154770915,0.14204844512775,0.41070435828075,2.339999999999999,0.088999999999999,0.243999999999999,1.31,0.024,0.067,0.0,15.0,15.0,90.0,0.0,24.46725409890533,19.717540619195987,14.427283606663837,10.87451522681056,5781.0,85.0,85.0,1.066,0.05,0.161,0.9829999999999992,0.019,0.05,12.092602256396509,0.24185204512793,0.24185204512793,4.699999809265136,1.0,1.0
67,Kepler-25,18.6200008392334,0.239999994635581,0.239999994635581,0.047899999999999,0.0041,0.0051,0.465399999999999,0.006199999999999,0.005799999999999,0.4999999999999972,5.699999809265136,5.699999809265136,90.0,0.0,21.299999237060547,5.726952779592068,4.174009577557814,3.223405205700926,6270.0,79.0,79.0,1.165,0.027,0.029,1.316,0.016,0.014999999999999,23.14699935913086,0.039000000804662,0.039000000804662,8.199999809265137,0.200000002980232,0.200000002980232
68,Kepler-30,67.85673229626995,8.57137701000988,8.57137701000988,1.685999999999999,0.016,0.016,1.069,0.025,0.025,3.999999999999995,10.0,10.0,,,,,,,5498.0,54.0,54.0,0.9899999999999992,0.08,0.08,0.9499999999999992,0.12,0.12,16.0,0.400000005960464,0.400000005960464,1.940000057220459,0.5,0.5
69,Kepler-63,19.093853028781616,0.7451505074950211,0.6672489556275341,0.0,0.38,0.0,0.544,0.017999999999999,0.017999999999999,110.0,14.0,22.0,138.0,7.0,7.0,104.0,9.0,14.0,5576.0,50.0,50.0,0.9839999999999992,0.035,0.04,0.901,0.027,0.021999999999999,5.400000095367431,0.009999999776482,0.009999999776482,5.599999904632568,0.8000000119209281,0.8000000119209281
70,Kepler-89,23.824669160297606,2.216341127472689,2.216341127472689,0.333,0.035,0.035,1.004999999999999,0.095,0.095,5.999999999999996,11.0,13.0,,,,,,,6182.0,82.0,82.0,1.276999999999999,0.05,0.05,1.52,0.14,0.14,0.0,0.0,0.0,7.300000190734863,0.600000023841857,0.600000023841857
71,Kepler-420,72.69646596407208,9.078731778081506,9.078731778081506,1.45,0.349999999999999,0.349999999999999,0.9399999999999992,0.12,0.12,74.00000000000001,32.0,46.0,,,,,,,5520.0,80.0,80.0,0.9899999999999992,0.05,0.05,1.129999999999999,0.14,0.14,0.0,0.0,0.0,7.300000190734863,0.600000023841857,0.600000023841857
72,Kepler-448,19.921302135113248,1.87548616967614,1.87548616967614,5.0,5.0,5.0,1.439999999999999,0.13,0.13,7.0999999046325675,2.799999952316284,4.199999809265136,90.0,0.0,16.77391288163666,10.032626615856513,10.44921132675489,4.453070492390243,6820.0,120.0,120.0,1.452,0.092999999999999,0.092999999999999,1.629999999999999,0.149999999999999,0.149999999999999,1.291765328089336,0.025835306561786,0.025835306561786,66.43000030517578,1.0,0.949999988079071
73,MASCARA-1,4.403292546988607,0.661829911302892,0.661829911302892,3.7,0.9,0.9,1.5,0.299999999999999,0.299999999999999,69.5,3.0,3.0,55.5,2.299999952316284,2.900000095367431,72.09999847412108,2.5,2.400000095367431,7554.0,150.0,150.0,1.72,0.07,0.07,2.1,0.2,0.2,0.853,0.017,0.016,101.7,3.5,4.2
74,MASCARA-2,7.4666322676019155,0.337880250591045,0.421196989555632,0.0,3.5,0.0,1.735,0.07,0.074999999999999,3.4000000953674268,2.099999904632568,2.099999904632568,,,,,,,8730.0,250.0,260.0,1.76,0.14,0.2,1.560999999999999,0.058,0.064,0.0,0.0,0.0,114.0,3.0,3.0
75,MASCARA-3,9.954019568952242,0.192181926837955,0.199838007032432,5.179999999999999,0.22,0.209999999999999,1.272,0.021,0.021999999999999,2.5999999046325635,5.099999904632568,3.599999904632568,,,,,,,6508.0,49.0,49.0,1.461,0.056,0.059999999999999,1.506,0.021999999999999,0.021999999999999,,,,,,
76,MASCARA-4,5.264110639386816,0.5400636695951301,0.5400636695951301,3.1,0.9,0.9,1.53,0.07,0.04,112.5,1.700000047683715,1.5,47.41475258740968,22.9479117737051,13.62590017223517,104.0,7.0,13.0,7800.0,200.0,200.0,1.75,0.05,0.05,1.919999999999999,0.11,0.11,0.0,0.0,0.0,46.5,1.0,1.0
77,NGTS-2,7.752222192975638,0.454758873092874,0.454758873092874,0.67,0.088999999999999,0.088999999999999,1.536,0.062,0.062,11.300000190734856,4.800000190734863,4.800000190734863,,,,,,,6450.0,50.0,50.0,1.302,0.034,0.034,1.62,0.089999999999999,0.089999999999999,0.0,0.0,0.0,15.90999984741211,0.490000009536743,0.490000009536743
78,Qatar-1,6.245128518379511,0.164192313977496,0.160749250742242,1.294,0.051999999999999,0.049,1.143,0.025999999999999,0.025,8.39999961853027,7.099999904632568,7.099999904632568,90.0,0.0,26.131736706238875,16.895955902552608,15.589950163249275,9.00740112391209,4910.0,100.0,100.0,0.8379999999999991,0.042999999999999,0.041,0.803,0.016,0.016,23.69700050354004,0.123000003397464,0.123000003397464,1.700000047683715,0.300000011920928,0.300000011920928
79,Qatar-2,6.531140255331875,0.104423945952744,0.104423945952744,2.466,0.062,0.062,1.115,0.012999999999999,0.012999999999999,0.0,8.0,8.0,90.0,0.0,19.45794109623438,11.394448758036447,12.318483740339389,7.147905007931127,4645.0,50.0,50.0,0.7269999999999991,0.024,0.024,0.7033,0.008,0.008,18.5,1.899999976158142,1.899999976158142,2.799999952316284,0.5,0.5
80,TOI-1268,17.042999267578125,0.256000012159347,0.386999994516372,0.289999991655349,0.03999999910593,0.03999999910593,0.746999979019165,0.017999999225139,0.017999999225139,24.87299919128418,12.963000297546388,13.133999824523926,,,,30.399999618530273,11.100000381469728,11.100000381469728,5257.0,40.0,40.0,0.8999999761581421,0.129999995231628,0.129999995231628,0.8600000143051141,0.019999999552965,0.019999999552965,10.84,0.07,0.07,4.303,0.553,0.454
81,TOI-1518,4.290999889373779,0.057000000029802,0.061000000685453,0.0,2.299999952316284,0.0,1.202999949455261,1.875,0.052999999374151,119.66000366210938,0.980000019073486,0.930000007152557,,,,,,,7300.0,100.0,100.0,1.789999961853027,0.259999990463256,0.259999990463256,1.950000047683715,0.048000000417232,0.048000000417232,,,,,,
82,TOI-2109,2.2679998874664298,0.020999999716877,0.020999999716877,5.019999980926513,0.75,0.75,1.347000002861022,0.046999998390674,0.046999998390674,1.7000000476837134,1.700000047683715,1.700000047683715,,,,,,,6540.0,16.0,16.0,1.452999949455261,0.074000000953674,0.074000000953674,1.697999954223632,0.057000000029802,0.061999998986721,,,,,,
83,TOI-942,10.119999885559082,0.129999995231628,0.180000007152557,0.0,2.599999904632568,0.0,0.428642500355962,0.017822973465381,0.004188398558537,0.9999999999999944,41.0,33.0,76.0,9.0,11.0,1.999999999999995,27.0,33.0,4928.0,125.0,85.0,0.7879999876022331,0.037000000476837,0.03099999949336,1.021999955177307,0.017999999225139,0.019999999552965,3.4,0.37,0.37,14.26,0.5,0.5
84,TRAPPIST-1,20.0406156966897,0.7247855178032021,0.6906719824685681,0.0032,0.0004,0.0005,0.1,0.002899999999999,0.0028,14.999999999999998,26.0,30.0,90.0,0.0,17.44542260431534,23.280513409194345,16.979515463714066,13.605533715245812,2557.0,47.0,47.0,0.0898,0.0023,0.0023,0.1234,0.0033,0.0033,3.279950144375296,0.224748555123369,0.224748555123369,2.039999961853027,0.180000007152557,0.180000007152557
85,TrES-1,10.373663507100645,0.326729077067206,0.326729077067206,0.761,0.050999999999999,0.050999999999999,1.099,0.035,0.035,29.999999999999996,21.0,21.0,,,,,,,5226.0,50.0,50.0,0.892,0.049,0.049,0.8179999999999991,0.021,0.021,0.0,0.0,0.0,1.299999952316284,0.300000011920928,0.300000011920928
86,TrES-2,7.957093380712044,0.210744794128628,0.210744794128628,1.206,0.049,0.049,1.193,0.023,0.023,8.999999999999996,12.0,12.0,,,,,,,5850.0,50.0,50.0,0.9909999999999992,0.057,0.057,0.9639999999999992,0.017999999999999,0.017999999999999,0.0,0.0,0.0,1.0,0.600000023841857,0.600000023841857
87,TrES-4,6.130550949398504,0.277398923383834,0.277398923383834,0.493999999999999,0.035,0.035,1.838,0.081,0.089999999999999,6.3000001907348615,4.699999809265136,4.699999809265136,,,,,,,6295.0,65.0,65.0,1.45,0.05,0.05,1.81,0.08,0.08,0.0,0.0,0.0,8.100000381469727,1.100000023841857,1.100000023841857
88,V1298 Tau,26.059999465942383,0.46000000834465,0.46000000834465,0.0,0.377558200779521,0.0,0.9152097146032052,0.047230876429869,0.051686620792151,3.999999999999995,7.0,10.0,51.0,25.0,21.0,7.999999999999997,4.0,7.0,4970.0,120.0,120.0,1.134999990463256,0.046999998390674,0.046999998390674,1.406999945640564,0.00179999996908,0.017999999225139,2.87,0.02,0.02,24.87,0.19,0.21
89,WASP-3,5.053049192579288,0.245228769757723,0.19804393670034,1.77,0.11,0.089999999999999,1.346,0.063,0.063,4.999999999999996,6.0,5.0,,,,,,,6340.0,90.0,90.0,1.11,0.08,0.059999999999999,1.298,0.052999999999999,0.043999999999999,0.0,0.0,0.0,13.899999618530272,0.029999999329447,0.029999999329447
90,WASP-4,5.477727436808368,0.153480894864487,0.153480894864487,1.249,0.051999999999999,0.051999999999999,1.364,0.028,0.028,0.9999999999999944,12.0,14.0,90.0,0.0,27.344259667723428,20.004100506316412,15.154019282597364,11.13516430762052,5540.0,55.0,55.0,0.927,0.055,0.055,0.91,0.017999999999999,0.017999999999999,22.2,3.299999999999999,3.299999999999999,2.140000104904174,0.379999995231628,0.349999994039535
91,WASP-5,5.415643236014974,0.217268939672232,0.217268939672232,1.595,0.051999999999999,0.051999999999999,1.175,0.055,0.055,12.100000381469727,8.0,10.0,71.48790918219997,16.989403175440927,7.498445187084854,22.152132782453894,11.51841363217413,10.309177015331318,5770.0,65.0,65.0,1.032999999999999,0.049,0.049,1.088,0.04,0.04,16.2,0.4,0.4,3.200000047683715,0.300000011920928,0.300000011920928
92,WASP-6,10.30421657071462,0.404788188335898,0.404788188335898,0.484999999999999,0.028,0.028,1.23,0.036999999999999,0.036999999999999,7.199999809265132,3.700000047683715,3.700000047683715,62.302806354428085,19.47147408749673,10.440942229681411,13.11058814161875,22.867240158301087,3.812571693711653,5375.0,65.0,65.0,0.8359999999999991,0.067,0.067,0.8639999999999991,0.025,0.025,23.8,0.149999999999999,0.149999999999999,1.600000023841857,0.270000010728836,0.170000001788139
93,WASP-7,9.079010846797797,0.5637587311522301,0.5637587311522301,0.9799999999999992,0.13,0.13,1.374,0.094,0.094,86.0,6.0,6.0,51.40214089197764,26.124610198542783,13.97438488706809,87.05630718079075,5.112234462218012,5.328954024897839,6520.0,70.0,70.0,1.316999999999999,0.071999999999999,0.071999999999999,1.478,0.087999999999999,0.087999999999999,3.682769296758863,1.229187120839014,1.229187120839014,14.0,2.0,2.0
94,WASP-8,18.001165227955475,0.42554271696764,0.42554271696764,2.216,0.047,0.047,1.165,0.033,0.033,143.0,1.5,1.600000023841857,36.28268107783764,3.950631587475754,3.57324846112332,118.21393673945947,3.227858244456285,3.016869749036203,5690.0,36.0,36.0,1.093,0.033,0.033,0.9759999999999992,0.021,0.021,15.312535952896267,0.8020852165802801,0.8020852165802801,1.899999976158142,0.050000000745058,0.050000000745058
95,WASP-11,12.18678463533493,0.31394159555799,0.31394159555799,0.491999999999999,0.024,0.024,0.9899999999999992,0.023,0.023,6.9999999999999964,5.0,5.0,,,,,,,4900.0,65.0,65.0,0.806,0.04,0.04,0.772,0.014999999999999,0.014999999999999,0.0,0.0,0.0,1.039999961853027,0.150000005960464,0.150000005960464
96,WASP-12,3.0368387216884,0.111307348432769,0.10350616466396,1.47,0.075999999999999,0.069,1.899999999999999,0.057,0.044999999999999,58.99999999999999,15.0,20.0,8.289329875718083,3.844359748894087,3.133447892469555,85.46752868673228,6.774167845938748,7.844787043989953,6313.0,52.0,52.0,1.433999999999999,0.11,0.089999999999999,1.657,0.045999999999999,0.043999999999999,6.770729891218252,1.583199999999999,1.583199999999999,1.600000023841857,0.8000000119209281,0.400000005960464
97,WASP-13,7.228714393078798,0.416349688773455,0.416349688773455,0.512,0.059999999999999,0.059999999999999,1.528,0.084,0.084,7.999999999999997,13.0,12.0,,,,,,,6025.0,21.0,21.0,1.22,0.12,0.12,1.657,0.079,0.079,0.0,0.0,0.0,5.699999809265136,0.400000005960464,0.400000005960464
98,WASP-14,6.036909886385553,0.464717742576056,0.372050716249033,7.589999999999999,0.239999999999999,0.23,1.24,0.12,0.1,33.099998474121094,7.400000095367431,7.400000095367431,,,,,,,6462.0,75.0,75.0,1.3,0.059999999999999,0.059999999999999,1.318,0.095,0.072999999999999,0.0,0.0,0.0,2.799999952316284,0.5699999928474421,0.5699999928474421
99,WASP-15,7.29766717765974,0.23123591243163,0.23123591243163,0.5919999999999991,0.019,0.019,1.407999999999999,0.045999999999999,0.045999999999999,139.60000610351565,5.199999809265136,4.300000190734863,,,,,,,6573.0,70.0,70.0,1.304999999999999,0.050999999999999,0.050999999999999,1.522,0.043999999999999,0.043999999999999,0.0,0.0,0.0,4.269999980926513,0.259999990463256,0.360000014305114
100,WASP-16,8.210071360690984,0.351903725955396,0.351903725955396,0.8319999999999991,0.037999999999999,0.037999999999999,1.218,0.04,0.04,4.199999809265132,13.899999618530272,11.0,,,,,,,5630.0,70.0,70.0,0.9799999999999992,0.053999999999999,0.053999999999999,1.087,0.042,0.042,0.0,0.0,0.0,1.200000047683715,0.400000005960464,0.5
101,WASP-17,6.975701887856684,0.22851787550745,0.22851787550745,0.476999999999999,0.033,0.033,1.931999999999999,0.052999999999999,0.052999999999999,148.50000000000003,5.400000095367431,4.199999809265136,,,,,,,6550.0,100.0,100.0,1.286,0.079,0.079,1.583,0.041,0.041,0.0,0.0,0.0,14.670000076293944,0.810000002384185,0.5699999928474421
102,WASP-18,3.521246916803361,0.094834172875126,0.094834172875126,10.52,0.32,0.32,1.204,0.028,0.028,12.999999999999998,7.0,7.0,,,,,,,6400.0,70.0,70.0,1.294999999999999,0.058999999999999,0.058999999999999,1.254999999999999,0.028,0.028,0.0,0.0,0.0,11.199999809265137,0.600000023841857,0.600000023841857
103,WASP-19,3.451696908150205,0.071812507225952,0.071812507225952,1.139,0.035999999999999,0.035999999999999,1.409999999999999,0.021,0.021,0.9999999999999944,1.200000047683715,1.200000047683715,90.0,0.0,29.22248444902881,3.7349326510598977,27.98286644040806,2.294840844846199,5460.0,90.0,90.0,0.935,0.041,0.041,1.018,0.014999999999999,0.014999999999999,12.125024863519002,2.103,2.103,4.400000095367431,0.8999999761581421,0.8999999761581421
104,WASP-20,10.130639975677587,0.381002495687688,0.381002495687688,0.396,0.045999999999999,0.045999999999999,1.381999999999999,0.057,0.057,12.699999809265137,4.199999809265136,4.199999809265136,,,,,,,5987.0,20.0,20.0,1.113,0.034,0.034,1.242,0.044999999999999,0.044999999999999,0.0,0.0,0.0,4.75,0.5099999904632561,0.5099999904632561
105,WASP-21,9.44605768913643,0.5103594864877521,0.5103594864877521,0.276,0.019,0.019,1.161999999999999,0.053999999999999,0.053999999999999,7.999999999999997,26.0,27.0,,,,,,,5924.0,55.0,55.0,0.8900000000000001,0.079,0.079,1.135999999999999,0.050999999999999,0.050999999999999,0.0,0.0,0.0,0.660000026226043,0.140000000596046,0.140000000596046
106,WASP-22,8.379025510057634,0.263588989988837,0.263588989988837,0.616999999999999,0.028,0.017999999999999,1.199,0.045999999999999,0.027,22.0,16.0,16.0,,,,,,,6153.0,46.0,46.0,1.249,0.074999999999999,0.033,1.254999999999999,0.029999999999999,0.029999999999999,0.0,0.0,0.0,4.400000095367431,0.300000011920928,0.300000011920928
107,WASP-24,5.935359371622881,0.224416973393122,0.224416973393122,1.109,0.053999999999999,0.053999999999999,1.302999999999999,0.047,0.047,4.699999809265135,4.0,4.0,,,,,,,6107.0,77.0,77.0,1.167999999999999,0.074999999999999,0.074999999999999,1.316999999999999,0.041,0.041,0.0,0.0,0.0,7.0,0.8999999761581421,0.8999999761581421
108,WASP-25,11.21536299362479,0.25681675766944,0.25681675766944,0.5979999999999991,0.045999999999999,0.045999999999999,1.247,0.032,0.032,14.600000381469725,6.699999809265136,6.699999809265136,,,,,,,5736.0,35.0,35.0,1.052999999999999,0.037999999999999,0.037999999999999,0.924,0.017999999999999,0.017999999999999,0.0,0.0,0.0,2.900000095367431,0.300000011920928,0.300000011920928
109,WASP-26,6.642262969435869,0.208515205720644,0.208515205720644,1.02,0.033,0.033,1.216,0.047,0.047,34.0,26.0,36.0,,,,,,,6015.0,55.0,55.0,1.095,0.045999999999999,0.045999999999999,1.284,0.035999999999999,0.035999999999999,0.0,0.0,0.0,2.200000047683715,0.699999988079071,0.699999988079071
110,WASP-28,8.776516871985283,0.283678053549285,0.283678053549285,0.8890000000000001,0.058,0.058,1.219,0.028,0.028,7.999999999999997,18.0,18.0,,,,,,,6084.0,45.0,45.0,0.9929999999999992,0.067,0.067,1.083,0.025,0.025,0.0,0.0,0.0,3.25,0.340000003576278,0.340000003576278
111,WASP-30,8.567720462366001,0.216167769149475,0.173245652034344,62.5,1.2,1.2,0.9509999999999992,0.028,0.024,6.9999999999999964,19.0,27.0,,,,,,,6190.0,50.0,50.0,1.249,0.032,0.035999999999999,1.389,0.033,0.025,0.0,0.0,0.0,12.100000381469728,0.400000005960464,0.5
112,WASP-31,8.002335602660272,0.219323909507955,0.219323909507955,0.477999999999999,0.029,0.029,1.548999999999999,0.05,0.05,2.7999999523162793,3.099999904632568,3.099999904632568,,,,,,,6175.0,70.0,70.0,1.163,0.025999999999999,0.025999999999999,1.252,0.033,0.033,0.0,0.0,0.0,6.599999904632568,0.600000023841857,0.600000023841857
113,WASP-32,7.633111781643355,0.348711452045201,0.348711452045201,3.6,0.07,0.07,1.179999999999999,0.07,0.07,10.5,6.400000095367431,6.5,54.48876263455379,17.858107513041297,10.963254456756658,35.75829094459628,10.220773479944585,17.157692484697964,6100.0,100.0,100.0,1.1,0.029999999999999,0.029999999999999,1.11,0.05,0.05,11.600000381469728,1.0,1.0,3.900000095367431,0.400000005960464,0.5
114,WASP-33,3.690956302968397,0.054517024499479,0.102281895305089,2.16,0.2,0.2,1.679,0.019,0.029999999999999,112.93000030517577,0.219999998807907,0.230000004172325,37.458954008186566,6.764205888705866,5.722674216504305,104.07438730109305,2.7961453353328523,2.765565595697026,7430.0,100.0,100.0,1.560999999999999,0.044999999999999,0.079,1.508999999999999,0.019,0.029999999999999,0.5218710358349491,0.05,0.05,86.62999725341797,0.319999992847442,0.370000004768371
115,WASP-38,12.153004338535714,0.298877198969893,0.258437033645963,2.690999999999999,0.058,0.058,1.094,0.029,0.028,7.499999999999999,4.699999809265136,6.099999904632568,,,,,,,6150.0,80.0,80.0,1.203,0.035999999999999,0.035999999999999,1.331,0.029999999999999,0.025,0.0,0.0,0.0,7.5,0.100000001490116,0.200000002980232
116,WASP-39,11.056815136193404,0.318620249493548,0.318620249493548,0.281,0.032,0.032,1.278999999999999,0.04,0.04,0.0,11.0,11.0,,,,,,,5485.0,50.0,50.0,0.913,0.045999999999999,0.045999999999999,0.9389999999999992,0.021999999999999,0.021999999999999,0.0,0.0,0.0,1.399999976158142,0.25,0.25
117,WASP-41,9.951270100680327,0.181364845970539,0.181364845970539,0.9769999999999992,0.025999999999999,0.025999999999999,1.177999999999999,0.017999999999999,0.017999999999999,5.999999999999996,11.0,11.0,62.04706867204024,27.95293132795976,16.51977191417175,22.62773093478833,28.86383126279173,11.879740291696084,5546.0,33.0,33.0,0.9869999999999992,0.033,0.033,0.8860000000000001,0.012,0.012,18.41,0.05,0.05,1.600000023841857,1.100000023841857,1.100000023841857
118,WASP-43,4.919909102220875,0.093854281365114,0.099755668590871,2.033999999999999,0.051999999999999,0.050999999999999,1.036,0.019,0.019,3.4999999999999982,6.800000190734863,6.800000190734863,90.0,0.0,27.845296788375435,12.670486040363986,19.65516362732768,7.749548478933313,4520.0,120.0,120.0,0.7169999999999991,0.025,0.025,0.667,0.01,0.010999999999999,15.6,0.4,0.4,2.259999990463256,0.540000021457672,0.540000021457672
119,WASP-52,7.231077171297375,0.210500034303075,0.210500034303075,0.434,0.024,0.024,1.252999999999999,0.027,0.027,1.1000000238418552,1.100000023841857,1.100000023841857,90.0,0.0,11.0849641819094,2.7559766099825316,9.772065975359808,1.8360724890192928,5000.0,100.0,100.0,0.804,0.05,0.05,0.786,0.016,0.016,17.260000228881836,0.5099999904632561,0.389999985694885,2.621999979019165,0.074000000953674,0.074000000953674
120,WASP-53,11.051348063158068,0.389209370873771,0.40198571584525,2.132,0.091999999999999,0.094,1.074,0.036999999999999,0.036999999999999,0.9999999999999944,12.0,12.0,,,,,,,4950.0,60.0,60.0,0.8389999999999991,0.053999999999999,0.053999999999999,0.798,0.023,0.023,0.0,0.0,0.0,0.8600000143051141,0.209999993443489,0.209999993443489
121,WASP-60,8.509684635403312,0.40705495805432,0.40705495805432,0.56,0.035999999999999,0.035999999999999,1.225,0.069,0.069,129.0,17.0,17.0,,,,,,,6105.0,50.0,50.0,1.229,0.031,0.031,1.401,0.066,0.066,0.0,0.0,0.0,2.970000028610229,0.469999998807907,0.469999998807907
122,WASP-61,8.060301782934978,0.213498068157006,0.213498068157006,2.06,0.16,0.16,1.22,0.029999999999999,0.029999999999999,3.999999999999995,17.100000381469727,18.39999961853028,,,,,,,6250.0,150.0,150.0,1.27,0.059999999999999,0.059999999999999,1.389999999999999,0.029999999999999,0.029999999999999,0.0,0.0,0.0,11.100000381469728,0.699999988079071,0.699999988079071
123,WASP-62,9.52580021020955,0.390243411581875,0.390243411581875,0.5699999999999991,0.04,0.04,1.389999999999999,0.059999999999999,0.059999999999999,19.399999618530277,5.099999904632568,4.900000095367431,73.04683228190409,12.189364930180773,6.426048524837015,25.016225874195396,6.58636630686146,6.215941674588734,6230.0,80.0,80.0,1.25,0.05,0.05,1.28,0.05,0.05,6.648957957445462,0.132979159148909,0.132979159148909,9.300000190734863,0.200000002980232,0.200000002980232
124,WASP-66,6.709389015783572,0.362344544861526,0.362344544861526,2.319999999999999,0.13,0.13,1.389999999999999,0.089999999999999,0.089999999999999,3.999999999999995,22.0,22.0,,,,,,,6600.0,150.0,150.0,1.3,0.07,0.07,1.75,0.089999999999999,0.089999999999999,0.0,0.0,0.0,12.100000381469728,2.200000047683715,2.200000047683715
125,WASP-69,11.96896004684323,0.435401226741533,0.435401226741533,0.26,0.017,0.017,1.056999999999999,0.047,0.047,0.4000000059604617,2.0,1.899999976158142,90.0,0.0,21.45065409274829,3.8254618213369644,18.505938776835105,2.698030071144647,4700.0,50.0,50.0,0.8259999999999991,0.029,0.029,0.8129999999999991,0.028,0.028,23.07,0.16,0.16,2.200000047683715,0.400000005960464,0.400000005960464
126,WASP-71,4.395091312670797,0.337060453805956,0.337060453805956,2.242,0.08,0.08,1.46,0.13,0.13,1.8999999761581399,7.5,7.099999904632568,,,,,,,6180.0,52.0,52.0,1.558999999999999,0.059999999999999,0.059999999999999,2.259999999999999,0.17,0.17,0.0,0.0,0.0,7.800000190734863,0.300000011920928,0.400000005960464
127,WASP-72,4.027197369613682,0.491156407447496,0.491156407447496,1.461,0.058999999999999,0.056,1.27,0.2,0.2,6.9999999999999964,12.0,11.0,,,,,,,6250.0,100.0,100.0,1.385999999999999,0.055,0.055,1.98,0.239999999999999,0.239999999999999,0.0,0.0,0.0,5.0,1.399999976158142,1.200000047683715
128,WASP-74,4.820301311544897,0.087213544196104,0.087213544196104,0.8259999999999991,0.021,0.021,1.403999999999999,0.021999999999999,0.021999999999999,0.7699999809265079,0.990000009536743,0.990000009536743,,,,,,,5984.0,57.0,57.0,1.191,0.037999999999999,0.037999999999999,1.536,0.025999999999999,0.025999999999999,0.0,0.0,0.0,5.849999904632568,0.5,0.5
129,WASP-76,4.020662408673964,0.163563028452333,0.163563028452333,0.894,0.019,0.012999999999999,1.854,0.076999999999999,0.075999999999999,61.299999237060554,7.599999904632568,5.099999904632568,9.100273820971177,2.42852161374642,2.113374705862769,85.69278605479134,2.495733104723242,2.411093413482547,6329.0,65.0,65.0,1.458,0.021,0.021,1.764999999999999,0.070999999999999,0.070999999999999,9.2918718793253,1.265652952172672,1.265652952172672,1.480000019073486,0.280000001192092,0.280000001192092
130,WASP-78,3.358354840142623,0.160568098186979,0.14799244207741,0.8599999999999991,0.08,0.08,2.06,0.1,0.1,6.400000095367428,5.900000095367431,5.900000095367431,,,,,,,6100.0,150.0,150.0,1.389999999999999,0.089999999999999,0.08,2.35,0.1,0.089999999999999,0.0,0.0,0.0,7.099999904632568,0.5,0.5
131,WASP-79,7.391265281014761,0.226530278978229,0.185860399531689,0.8599999999999991,0.08,0.08,1.53,0.04,0.04,99.09999847412108,3.900000095367431,4.099999904632568,,,,,,,6600.0,100.0,100.0,1.389999999999999,0.08,0.08,1.51,0.04,0.029999999999999,0.0,0.0,0.0,17.40999984741211,0.200000002980232,0.11999999731779
132,WASP-80,12.616186916759116,0.35494770510384,0.35494770510384,0.562,0.027,0.027,0.9859999999999992,0.021999999999999,0.021999999999999,13.999999999999998,14.0,14.0,,,,,,,4145.0,100.0,100.0,0.5959999999999991,0.035,0.035,0.5929999999999991,0.012,0.012,0.0,0.0,0.0,1.269999980926513,0.140000000596046,0.170000001788139
133,WASP-84,21.70045609321693,0.717498741340435,0.717498741340435,0.687,0.033,0.033,0.9759999999999992,0.025,0.025,0.3000000119209262,1.700000047683715,1.700000047683715,71.41764282563155,13.72362387475475,7.102915048692253,18.55658478576496,4.441706221987942,15.742047015104186,5280.0,80.0,80.0,0.8529999999999991,0.058,0.058,0.768,0.019,0.019,14.36,0.349999999999999,0.349999999999999,2.558000087738037,0.082999996840953,0.082999996840953
134,WASP-85,8.969771411475364,0.31871979367411,0.31871979367411,1.264999999999999,0.065,0.065,1.24,0.029999999999999,0.029999999999999,0.0,14.0,14.0,90.0,0.0,31.263215409108867,22.146132651632083,17.436901865653653,12.078450291653116,5685.0,65.0,65.0,1.09,0.08,0.08,0.935,0.023,0.023,13.0827110004725,0.261654220009449,0.261654220009449,3.410000085830688,0.889999985694885,0.889999985694885
135,WASP-87,3.8937993555266113,0.178447420609182,0.178447420609182,2.18,0.149999999999999,0.149999999999999,1.385,0.059999999999999,0.059999999999999,7.999999999999997,11.0,11.0,,,,,,,6450.0,120.0,120.0,1.204,0.092999999999999,0.092999999999999,1.627,0.062,0.062,0.0,0.0,0.0,9.800000190734863,0.600000023841857,0.600000023841857
136,WASP-94A,7.300894188590069,0.261528710040786,0.223869950042232,0.452,0.035,0.032,1.72,0.059999999999999,0.05,150.99999999999997,16.0,23.0,33.13010120665715,8.790203716032742,7.11171934237409,116.63601803402025,9.943871317585533,9.085039796699476,6170.0,80.0,80.0,1.45,0.089999999999999,0.089999999999999,1.62,0.05,0.04,10.479002641527131,1.604,1.604,4.199999809265136,0.5,0.5
137,WASP-100,5.5370744602850746,0.8779067031994561,0.531274260789785,2.029999999999999,0.12,0.12,1.399999999999999,0.2,0.299999999999999,79.00000000000001,19.0,10.0,,,,,,,6940.0,120.0,120.0,1.47,0.059999999999999,0.05,1.669999999999999,0.179999999999999,0.11,0.0,0.0,0.0,12.800000190734863,2.299999952316284,2.200000047683715
138,WASP-103,3.011840796594735,0.11789989634381,0.142315938217931,1.47,0.11,0.13,1.645999999999999,0.051999999999999,0.059999999999999,2.999999999999995,33.0,33.0,,,,,,,6110.0,160.0,160.0,1.205,0.096,0.117,1.413,0.041,0.048,0.0,0.0,0.0,6.5,2.0,2.0
139,WASP-107,17.749196927517776,0.6743993184980901,0.6743993184980901,0.096,0.005,0.005,0.924,0.021999999999999,0.021999999999999,112.62999725341794,24.87000274658203,20.62999725341797,28.170000076293945,40.380001068115234,-20.040000915527344,92.59999847412111,30.70000457763672,1.799995422363281,4425.0,70.0,70.0,0.683,0.017,0.016,0.67,0.02,0.02,17.100000381469727,1.0,1.0,2.5,0.8000000119209281,0.8000000119209281
140,WASP-109,7.39714804146139,0.298926014020234,0.298926014020234,0.91,0.13,0.13,1.443,0.052999999999999,0.052999999999999,99.00000000000001,10.0,9.0,,,,,,,6520.0,140.0,140.0,1.203,0.089999999999999,0.089999999999999,1.346,0.043999999999999,0.043999999999999,0.0,0.0,0.0,18.89999961853028,2.400000095367431,2.299999952316284
141,WASP-111,4.549644595941944,0.271028955028255,0.271028955028255,1.83,0.149999999999999,0.149999999999999,1.443,0.094,0.094,4.999999999999996,16.0,16.0,,,,,,,6400.0,150.0,150.0,1.5,0.11,0.11,1.85,0.1,0.1,0.0,0.0,0.0,11.119999885559082,0.769999980926513,0.769999980926513
142,WASP-117,17.385522326401713,1.007481252162798,0.8886486578764881,0.2755,0.008999999999999,0.008999999999999,1.020999999999999,0.075999999999999,0.065,46.900001525878906,4.800000190734863,5.5,,,,,,,6040.0,90.0,90.0,1.125999999999999,0.029,0.029,1.169999999999999,0.067,0.058999999999999,0.0,0.0,0.0,1.460000038146972,0.140000000596046,0.140000000596046
143,WASP-121,3.799119848680869,0.107791557925854,0.108810861777243,1.183,0.064,0.062,1.865,0.043999999999999,0.043999999999999,87.19999694824219,0.409999996423721,0.449999988079071,39.80954328207995,7.440308612695183,6.339109963617019,88.09999999999998,0.25,0.25,6586.0,59.0,59.0,1.379999999999999,0.02,0.02,1.439999999999999,0.029999999999999,0.029999999999999,3.378802928224322,0.395799999999999,0.395799999999999,13.5600004196167,0.6899999976158141,0.680000007152557
144,WASP-127,8.38883347809899,0.18809014886741,0.18809014886741,0.165,0.021,0.017,1.310999999999999,0.025,0.029,128.39999389648438,5.5,5.599999904632568,,,,,,,5750.0,100.0,100.0,0.9499999999999992,0.02,0.02,1.333,0.027,0.027,0.0,0.0,0.0,0.5299999713897701,0.070000000298023,0.050000000745058
145,WASP-134,17.49638815899917,0.8486496313219241,0.8486496313219241,1.411999999999999,0.074999999999999,0.074999999999999,0.9879999999999992,0.057,0.057,43.70000076293945,9.899999618530272,9.899999618530272,,,,,,,5700.0,100.0,100.0,1.131,0.044999999999999,0.044999999999999,1.175,0.048,0.048,0.0,0.0,0.0,2.079999923706054,0.259999990463256,0.259999990463256
146,WASP-148,19.799999237060547,1.5,1.5,0.354000002145767,0.054999999701976,0.050000000745058,0.8000000119209281,0.019999999552965,0.023000000044703,8.199999809265133,9.699999809265137,8.699999809265137,,,,,,,5437.0,21.0,21.0,0.970000028610229,0.046000000089406,0.057000000029802,0.90499997138977,0.01300000026822,0.014000000432133,,,,,,
147,WASP-166,11.3162771861419,0.556817285896767,0.556817285896767,0.101999999999999,0.004,0.004,0.63,0.029999999999999,0.029999999999999,2.999999999999995,5.0,5.0,90.0,0.0,23.80295494742721,10.146319455404036,16.73971689024495,5.896614656639442,6050.0,50.0,50.0,1.189999999999999,0.059999999999999,0.059999999999999,1.22,0.059999999999999,0.059999999999999,12.300000190734863,1.899999976158142,1.899999976158142,5.099999904632568,0.300000011920928,0.300000011920928
148,WASP-167,4.384986016976443,0.142121574573299,0.142121574573299,0.0,8.0,0.0,1.56,0.05,0.05,165.0,5.0,5.0,35.02645912081054,5.178394821127909,4.61422695407225,123.80502085069445,11.565974695474978,10.6374930967157,7043.0,89.0,68.0,1.59,0.08,0.08,1.79,0.05,0.05,1.02289640516774,0.1,0.1,49.93999862670898,0.03999999910593,0.03999999910593
149,WASP-174,8.785374848632525,0.147564738729221,0.147564738729221,0.33,0.090999999999999,0.090999999999999,1.437,0.05,0.05,31.0,1.0,1.0,,,,,,,6400.0,100.0,100.0,1.24,0.037999999999999,0.037999999999999,1.347,0.017999999999999,0.017999999999999,0.0,0.0,0.0,16.5,0.5,0.5
150,WASP-180,8.674064661646506,0.473211459161814,0.473211459161814,0.8,0.1,0.1,1.29,0.07,0.07,162.0,5.0,5.0,,,,,,,6600.0,200.0,200.0,1.3,0.1,0.1,1.189999999999999,0.059999999999999,0.059999999999999,0.0,0.0,0.0,19.600000381469727,0.600000023841857,0.600000023841857
151,WASP-189,4.604321856903845,0.106770142747325,0.106770142747325,1.99,0.16,0.14,1.619,0.021,0.021,89.30000305175781,1.399999976158142,1.399999976158142,75.5,3.099999904632568,2.200000047683715,87.42489896586187,5.034009198601594,4.034494070767465,8000.0,80.0,80.0,2.029999999999999,0.066,0.066,2.359999999999999,0.029999999999999,0.029999999999999,0.0,0.0,0.0,100.0,5.0,5.0
152,WASP-190,8.910907286587555,0.5672159737348741,0.5672159737348741,1.0,0.1,0.1,1.149999999999999,0.089999999999999,0.089999999999999,21.0,6.0,6.0,,,,,,,6400.0,100.0,100.0,1.35,0.05,0.05,1.6,0.1,0.1,0.0,0.0,0.0,13.300000190734863,0.600000023841857,0.600000023841857
153,XO-2,7.791593019716804,0.358000580040921,0.5913037161160001,0.5969999999999991,0.021,0.021,1.018999999999999,0.031,0.031,6.9999999999999964,11.0,11.0,64.56913009062286,19.224589556239536,9.605931569292151,26.53847400490816,11.828794680840897,13.713074466793524,5332.0,57.0,57.0,0.9599999999999992,0.05,0.05,0.998,0.032,0.033,41.59999847412109,1.100000023841857,1.100000023841857,1.070000052452087,0.090000003576278,0.090000003576278
154,XO-3,6.912254293025559,0.296456458033899,0.296456458033899,11.83,0.38,0.38,1.248,0.049,0.049,37.29999923706055,3.0,3.0,,,,,,,6429.0,75.0,75.0,1.206,0.058,0.058,1.409,0.056,0.056,0.0,0.0,0.0,18.39999961853028,0.8000000119209281,0.8000000119209281
155,XO-4,7.679999828338623,0.109999999403953,0.109999999403953,1.615,0.1,0.1,1.316999999999999,0.04,0.029,46.70000076293945,6.099999904632568,8.100000381469727,,,,,,,6397.0,70.0,70.0,1.292999999999999,0.029999999999999,0.029,1.554,0.042,0.029999999999999,0.0,0.0,0.0,8.899999618530273,0.5,0.5
156,XO-6,8.07809724399344,1.02973501429831,1.02973501429831,2.009999999999999,0.7099999999999991,0.7099999999999991,2.08,0.179999999999999,0.179999999999999,20.70000076293945,2.299999952316284,2.299999952316284,62.302806354428085,17.448357770638083,9.31835360038879,23.280635104535133,14.342484543750952,2.9299844859492192,6720.0,100.0,100.0,1.47,0.059999999999999,0.059999999999999,1.929999999999999,0.179999999999999,0.179999999999999,1.793318846363266,0.062500034705408,0.062500034705408,48.0,3.0,3.0
157,pi Men,12.498313967600344,0.259355441477159,0.259355441477159,0.042884319331941,0.001195600954132,0.001195600954132,0.191151385868108,0.001336722960106,0.001336722960106,23.999999999999996,4.099999904632568,4.099999904632568,79.70345565597715,10.296544344022848,11.413972466886191,26.899999999999995,5.799999999999999,4.7,5998.0,62.0,62.0,1.07,0.04,0.04,1.169999999999999,0.02,0.02,18.299999237060547,1.0,1.0,3.160000085830688,0.270000010728836,0.270000010728836
158,HAT-P-3,10.028959378448238,,,0.65,0.11,0.11,,,,21.2,8.7,8.7,15.8,6.2,7.3,75.70000000000002,8.5,7.9,5185.0,80.0,80.0,1.06,0.28,0.28,0.87,0.06,0.06,19.9,1.5,1.5,0.46,0.22,0.25
159,HAT-P-33,6.584673820003757,,,0.92,0.5,0.5,,,,5.899999999999998,4.1,4.1,,,,,,,6446.0,88.0,88.0,1.82,1.45,1.45,1.79,0.48,0.48,,,,,,
160,HAT-P-49,5.156517901792032,,,2.2,0.59,0.59,,,,97.7,1.8,1.8,,,,,,,6820.0,52.0,52.0,2.22,0.83,0.83,2.06,0.23,0.23,,,,,,
161,HD 89345,13.106630868116946,,,0.11,0.017,0.018,,,,74.19999999999999,33.6,32.5,,,44.0,80.1,22.3,23.1,5576.0,73.0,76.0,1.16,0.04,0.05,1.75,0.05,0.05,,,,,,
162,K2-105,18.028552644940262,,,0.09439,0.05978,0.05978,,,,81.0,50.0,47.0,,,,,,,5636.0,49.0,52.0,1.05,0.02,0.02,0.97,0.01,0.01,,,,,,
163,WASP-47,9.672685170883222,,,1.14401,0.02297,0.02297,,,,0.0,24.0,24.0,69.9,10.9,9.3,29.199999999999996,11.1,13.3,5552.0,75.0,75.0,1.04,0.03,0.03,1.14,0.01,0.01,39.4,2.2,4.5,1.8,0.24,0.16
164,WASP-156,12.803118980959097,,,0.128,0.01,0.009,,,,105.69999999999997,14.0,14.4,,,,,,,4910.0,61.0,61.0,0.84,0.05,0.05,0.76,0.03,0.03,,,,,,
165,55 Cnc,3.538269171000934,,,0.02514,0.00101,0.00104,,,,9.999999999999996,17.0,20.0,75.0,11.0,18.0,22.999999999999993,14.0,12.0,5172.0,18.0,18.0,0.91,0.02,0.02,0.94,0.01,0.01,38.8,0.05,0.05,2.0,0.53,0.47
166,Qatar-6 A,12.39,0.31,0.31,0.683,0.05,0.046,,,,0.09999999999999831,2.6,2.6,66.8,9.7,23.3,21.82,8.86,18.36,4895.0,77.0,77.0,0.829,0.019,0.022,0.785,0.033,0.023,12.962,0.015,0.015,2.88,0.95,0.66
167,TOI-640,6.835128588849864,,,0.88,0.16,0.16,,,,176.0,3.0,3.0,23.0,3.0,2.0,104.0,2.0,2.0,6460.0,130.0,150.0,1.54,0.07,0.08,2.08,0.06,0.06,6.7,0.6,0.6,6.1,0.5,0.5
168,KELT-11,4.982189596748435,,,0.171,0.015,0.015,,,,77.86,2.36,2.26,,,,,,,5375.0,25.0,25.0,1.44,0.07,0.07,2.69,0.04,0.04,,,,,,
169,TOI-2076,24.302685584949625,,,0.0217,,,,,,2.999999999999995,16.0,15.0,79.0,8.0,11.0,18.0,10.0,9.0,5200.0,70.0,70.0,0.82,0.04,0.04,0.77,0.01,0.01,7.27,0.23,0.23,5.0,1.0,1.0
170,HIP 41378,355.61909589936016,,,0.0467,,,,,,57.1,26.4,17.9,,,,,,,6226.0,43.0,43.0,1.17,0.07,0.07,1.34,0.03,0.03,,,,,,
171,TOI-1478,18.506684752750463,,,0.851,0.052,0.047,,,,6.199999999999998,5.9,5.5,,,,,,,5597.0,83.0,82.0,0.95,0.06,0.04,1.05,0.03,0.03,,,,,,
172,HD 3167,44.08800050828888,,,0.03357,0.00267,0.00255,,,,108.89999999999999,5.4,5.5,,,,107.7,5.1,4.9,5300.0,73.0,73.0,0.85,0.03,0.02,0.87,0.01,0.01,16.2,2.8,2.7,2.41,0.37,0.37
173,HD 3167,4.4579451061031135,,,0.01488,0.00088,0.00091,,,,6.599999999999997,6.6,7.9,,,,29.499999999999996,7.2,9.4,5300.0,73.0,73.0,0.85,0.03,0.02,0.87,0.01,0.01,16.2,2.8,2.7,2.41,0.37,0.37
